{"cameraMode":{"drawMode":0,"name":"Shaded","section":"Shading Mode"},"sceneLighting":false,"audioPlay":false,"sceneViewState":{"m_AlwaysRefresh":false,"showFog":true,"showSkybox":false,"showFlares":true,"showImageEffects":true,"showParticleSystems":true,"showVisualEffectGraphs":true,"m_FxEnabled":true},"in2DMode":false,"pivot":{"x":-0.026747703552246095,"y":0.047236084938049319,"z":-0.05804753303527832},"rotation":{"x":-0.19732025265693665,"y":0.6987823247909546,"z":-0.2106652706861496,"w":-0.6545147895812988},"size":3.27473521232605,"orthographic":false}